<?xml version="1.0" encoding="UTF-8" standalone="yes"?>
<addon id="plugin.video.GRUPO MEXICO ADDON  FREE"
       name="[COLOR purple]GRUPO MEXICO ADDON  FREE[/COLOR]"
       version="2.0.1"
       provider-name="EDUARDO CISNEROS">
  <requires>
    <import addon="xbmc.python" version="2.1.0"/>
	<import addon="script.module.t0mm0.common" version="2.0.0"/>
    <import addon="script.module.beautifulsoup" version="3.2.1"/>
    <import addon="script.module.simple.downloader" version="0.9.4"/>
    <import addon="script.module.beautifulsoup4" />
    <import addon="script.module.simple.downloader" version="0.9.4"/>
    <import addon="script.module.requests" />
    <import addon="script.module.httplib2" />
    <import addon="script.module.youtube.dl" optional="true"/>
    <import addon="plugin.video.youtube" version="3.0.0"/>
    <import addon="script.module.urlresolver" optional="true"/>
    <import addon="script.module.simplejson" /> 
    <import addon="script.common.plugin.cache" version="2.5.2"/>
    <import addon="script.module.metahandler" version="2.5.1"/>

  </requires>
  <extension point="xbmc.python.pluginsource" library="default.py">
    <provides>video</provides>
  </extension>
  <extension point="xbmc.addon.metadata">
    <summary lang="en">ADDON CREADO POR EDUARDO CISNEROS  LUIS ARMANDO CON LA INTENCION DE COMPARTIR LO QUE HAY EN LA RED Y SUS DEMAS PLATAFORMAS CONTACTO ( https://www.facebook.com/herick.batista.3 )</summary>
    <description lang="en">ADDON CREADO PARA COMPARTIR Y DISFRUTAR EN FAMILIA TOTALMENTE FREE ( NO DEVES PAGAR POR ESTE ADDON ES GRATIS )ATTE EDUARDO CISNEROS  </description>
    <platform>all</platform>
  </extension>
</addon>
